{
  "version": 1,
  "author": "Anonymous maker",
  "editor": "wokwi",
  "parts": [
    { "type": "board-esp32-s3-devkitc-1", "id": "esp", "top": 0, "left": 0, "attrs": {} },
    {
      "type": "wokwi-max7219-matrix",
      "id": "matrix1",
      "top": 106.2,
      "left": -357.36,
      "attrs": { "chain": "4" }
    }
  ],
  "connections": [
    [ "esp:TX", "$serialMonitor:RX", "", [] ],
    [ "esp:RX", "$serialMonitor:TX", "", [] ],
    [ "matrix1:V+", "esp:5V", "red", [ "h9.6", "v96" ] ],
    [ "matrix1:GND", "esp:GND.1", "black", [ "h9.6", "v96" ] ],
    [ "matrix1:DIN", "esp:3", "green", [ "h0" ] ],
    [ "matrix1:CS", "esp:46", "green", [ "h0" ] ],
    [ "matrix1:CLK", "esp:9", "green", [ "h0" ] ]
  ],
  "dependencies": {}
}